clip_id,condition,status,returncode,elapsed_sec,clip_path,protected_target_image_path,replacement_image_path,output_video,log_path,face_metadata,tracking_metadata,stdout,stderr
170221_haggling_b1_hd_00_27_0001150000,full,completed,0,84.22,170221_haggling_b1_hd_00_27_0001150000.mp4,data/panoptic_veil_materialized_20_supplement/targets/pilot20_supplement/170221_haggling_b1_hd_00_27_0001150000_target.jpg,fake_face.jpg,170221_haggling_b1_hd_00_27_0001150000_output.mp4,tracking_target_170221_haggling_b1_hd_00_27_0001150000_log.txt,face_metadata_170221_haggling_b1_hd_00_27_0001150000.json,tracking_metadata_170221_haggling_b1_hd_00_27_0001150000.json,stdout.log,stderr.log
170221_haggling_b2_hd_00_27_0001350000,full,completed,0,83.375,170221_haggling_b2_hd_00_27_0001350000.mp4,170221_haggling_b2_hd_00_27_0001350000_target.jpg,fake_face.jpg,170221_haggling_b2_hd_00_27_0001350000_output.mp4,tracking_target_170221_haggling_b2_hd_00_27_0001350000_log.txt,face_metadata_170221_haggling_b2_hd_00_27_0001350000.json,tracking_metadata_170221_haggling_b2_hd_00_27_0001350000.json,stdout.log,stderr.log
170221_haggling_b2_hd_00_27_0001850000,full,completed,0,93.256,170221_haggling_b2_hd_00_27_0001850000.mp4,170221_haggling_b2_hd_00_27_0001850000_target.jpg,fake_face.jpg,170221_haggling_b2_hd_00_27_0001850000_output.mp4,tracking_target_170221_haggling_b2_hd_00_27_0001850000_log.txt,face_metadata_170221_haggling_b2_hd_00_27_0001850000.json,tracking_metadata_170221_haggling_b2_hd_00_27_0001850000.json,stdout.log,stderr.log
170221_haggling_b3_hd_00_27_0001250000,full,completed,0,121.807,170221_haggling_b3_hd_00_27_0001250000.mp4,170221_haggling_b3_hd_00_27_0001250000_target.jpg,fake_face.jpg,170221_haggling_b3_hd_00_27_0001250000_output.mp4,tracking_target_170221_haggling_b3_hd_00_27_0001250000_log.txt,face_metadata_170221_haggling_b3_hd_00_27_0001250000.json,tracking_metadata_170221_haggling_b3_hd_00_27_0001250000.json,stdout.log,stderr.log
170221_haggling_b3_hd_00_27_0001450000,full,completed,0,109.616,170221_haggling_b3_hd_00_27_0001450000.mp4,170221_haggling_b3_hd_00_27_0001450000_target.jpg,fake_face.jpg,170221_haggling_b3_hd_00_27_0001450000_output.mp4,tracking_target_170221_haggling_b3_hd_00_27_0001450000_log.txt,face_metadata_170221_haggling_b3_hd_00_27_0001450000.json,tracking_metadata_170221_haggling_b3_hd_00_27_0001450000.json,stdout.log,stderr.log
170221_haggling_m1_hd_00_08_0001750000,full,completed,0,82.731,170221_haggling_m1_hd_00_08_0001750000.mp4,data/panoptic_veil_materialized_20_supplement/targets/pilot20_supplement/170221_haggling_m1_hd_00_08_0001750000_target.jpg,fake_face.jpg,170221_haggling_m1_hd_00_08_0001750000_output.mp4,tracking_target_170221_haggling_m1_hd_00_08_0001750000_log.txt,face_metadata_170221_haggling_m1_hd_00_08_0001750000.json,tracking_metadata_170221_haggling_m1_hd_00_08_0001750000.json,stdout.log,stderr.log
170221_haggling_m1_hd_00_27_0001750000,full,completed,0,97.499,170221_haggling_m1_hd_00_27_0001750000.mp4,170221_haggling_m1_hd_00_27_0001750000_target.jpg,fake_face.jpg,170221_haggling_m1_hd_00_27_0001750000_output.mp4,tracking_target_170221_haggling_m1_hd_00_27_0001750000_log.txt,face_metadata_170221_haggling_m1_hd_00_27_0001750000.json,tracking_metadata_170221_haggling_m1_hd_00_27_0001750000.json,stdout.log,stderr.log
170221_haggling_m2_hd_00_08_0001150000,full,completed,0,80.723,170221_haggling_m2_hd_00_08_0001150000.mp4,data/panoptic_veil_materialized_20_supplement/targets/pilot20_supplement/170221_haggling_m2_hd_00_08_0001150000_target.jpg,fake_face.jpg,170221_haggling_m2_hd_00_08_0001150000_output.mp4,tracking_target_170221_haggling_m2_hd_00_08_0001150000_log.txt,face_metadata_170221_haggling_m2_hd_00_08_0001150000.json,tracking_metadata_170221_haggling_m2_hd_00_08_0001150000.json,stdout.log,stderr.log
170224_haggling_a1_hd_00_27_0002350000,full,completed,0,92.244,170224_haggling_a1_hd_00_27_0002350000.mp4,data/panoptic_veil_materialized_20_supplement/targets/pilot20_supplement/170224_haggling_a1_hd_00_27_0002350000_target.jpg,fake_face.jpg,170224_haggling_a1_hd_00_27_0002350000_output.mp4,tracking_target_170224_haggling_a1_hd_00_27_0002350000_log.txt,face_metadata_170224_haggling_a1_hd_00_27_0002350000.json,tracking_metadata_170224_haggling_a1_hd_00_27_0002350000.json,stdout.log,stderr.log
170224_haggling_a1_hd_00_27_0002950000,full,completed,0,84.98,170224_haggling_a1_hd_00_27_0002950000.mp4,170224_haggling_a1_hd_00_27_0002950000_target.jpg,fake_face.jpg,170224_haggling_a1_hd_00_27_0002950000_output.mp4,tracking_target_170224_haggling_a1_hd_00_27_0002950000_log.txt,face_metadata_170224_haggling_a1_hd_00_27_0002950000.json,tracking_metadata_170224_haggling_a1_hd_00_27_0002950000.json,stdout.log,stderr.log
170224_haggling_a2_hd_00_27_0001750000,full,completed,0,81.269,170224_haggling_a2_hd_00_27_0001750000.mp4,data/panoptic_veil_materialized_20_supplement/targets/pilot20_supplement/170224_haggling_a2_hd_00_27_0001750000_target.jpg,fake_face.jpg,170224_haggling_a2_hd_00_27_0001750000_output.mp4,tracking_target_170224_haggling_a2_hd_00_27_0001750000_log.txt,face_metadata_170224_haggling_a2_hd_00_27_0001750000.json,tracking_metadata_170224_haggling_a2_hd_00_27_0001750000.json,stdout.log,stderr.log
170224_haggling_a2_hd_00_27_0002350000,full,completed,0,86.028,170224_haggling_a2_hd_00_27_0002350000.mp4,170224_haggling_a2_hd_00_27_0002350000_target.jpg,fake_face.jpg,170224_haggling_a2_hd_00_27_0002350000_output.mp4,tracking_target_170224_haggling_a2_hd_00_27_0002350000_log.txt,face_metadata_170224_haggling_a2_hd_00_27_0002350000.json,tracking_metadata_170224_haggling_a2_hd_00_27_0002350000.json,stdout.log,stderr.log
170224_haggling_b1_hd_00_08_0001350000,full,completed,0,86.183,170224_haggling_b1_hd_00_08_0001350000.mp4,170224_haggling_b1_hd_00_08_0001350000_target.jpg,fake_face.jpg,170224_haggling_b1_hd_00_08_0001350000_output.mp4,tracking_target_170224_haggling_b1_hd_00_08_0001350000_log.txt,face_metadata_170224_haggling_b1_hd_00_08_0001350000.json,tracking_metadata_170224_haggling_b1_hd_00_08_0001350000.json,stdout.log,stderr.log
170224_haggling_b1_hd_00_25_0001450000,full,completed,0,123.859,170224_haggling_b1_hd_00_25_0001450000.mp4,170224_haggling_b1_hd_00_25_0001450000_target.jpg,fake_face.jpg,170224_haggling_b1_hd_00_25_0001450000_output.mp4,tracking_target_170224_haggling_b1_hd_00_25_0001450000_log.txt,face_metadata_170224_haggling_b1_hd_00_25_0001450000.json,tracking_metadata_170224_haggling_b1_hd_00_25_0001450000.json,stdout.log,stderr.log
170224_haggling_b1_hd_00_25_0001750000,full,completed,0,114.69,170224_haggling_b1_hd_00_25_0001750000.mp4,170224_haggling_b1_hd_00_25_0001750000_target.jpg,fake_face.jpg,170224_haggling_b1_hd_00_25_0001750000_output.mp4,tracking_target_170224_haggling_b1_hd_00_25_0001750000_log.txt,face_metadata_170224_haggling_b1_hd_00_25_0001750000.json,tracking_metadata_170224_haggling_b1_hd_00_25_0001750000.json,stdout.log,stderr.log
170224_haggling_b2_hd_00_27_0001750000,full,completed,0,84.882,170224_haggling_b2_hd_00_27_0001750000.mp4,data/panoptic_veil_materialized_20_supplement/targets/pilot20_supplement/170224_haggling_b2_hd_00_27_0001750000_target.jpg,fake_face.jpg,170224_haggling_b2_hd_00_27_0001750000_output.mp4,tracking_target_170224_haggling_b2_hd_00_27_0001750000_log.txt,face_metadata_170224_haggling_b2_hd_00_27_0001750000.json,tracking_metadata_170224_haggling_b2_hd_00_27_0001750000.json,stdout.log,stderr.log
170224_haggling_b3_hd_00_27_0002350000,full,completed,0,80.222,170224_haggling_b3_hd_00_27_0002350000.mp4,data/panoptic_veil_materialized_20_supplement/targets/pilot20_supplement/170224_haggling_b3_hd_00_27_0002350000_target.jpg,fake_face.jpg,170224_haggling_b3_hd_00_27_0002350000_output.mp4,tracking_target_170224_haggling_b3_hd_00_27_0002350000_log.txt,face_metadata_170224_haggling_b3_hd_00_27_0002350000.json,tracking_metadata_170224_haggling_b3_hd_00_27_0002350000.json,stdout.log,stderr.log
170224_haggling_b3_hd_00_27_0002950000,full,completed,0,82.673,170224_haggling_b3_hd_00_27_0002950000.mp4,data/panoptic_veil_materialized_20_supplement/targets/pilot20_supplement/170224_haggling_b3_hd_00_27_0002950000_target.jpg,fake_face.jpg,170224_haggling_b3_hd_00_27_0002950000_output.mp4,tracking_target_170224_haggling_b3_hd_00_27_0002950000_log.txt,face_metadata_170224_haggling_b3_hd_00_27_0002950000.json,tracking_metadata_170224_haggling_b3_hd_00_27_0002950000.json,stdout.log,stderr.log
170228_haggling_a1_hd_00_08_0002350000,full,completed,0,79.356,170228_haggling_a1_hd_00_08_0002350000.mp4,data/panoptic_veil_materialized_20_supplement/targets/pilot20_supplement/170228_haggling_a1_hd_00_08_0002350000_target.jpg,fake_face.jpg,170228_haggling_a1_hd_00_08_0002350000_output.mp4,tracking_target_170228_haggling_a1_hd_00_08_0002350000_log.txt,face_metadata_170228_haggling_a1_hd_00_08_0002350000.json,tracking_metadata_170228_haggling_a1_hd_00_08_0002350000.json,stdout.log,stderr.log
170228_haggling_a1_hd_00_27_0002950000,full,completed,0,80.558,170228_haggling_a1_hd_00_27_0002950000.mp4,data/panoptic_veil_materialized_20_supplement/targets/pilot20_supplement/170228_haggling_a1_hd_00_27_0002950000_target.jpg,fake_face.jpg,170228_haggling_a1_hd_00_27_0002950000_output.mp4,tracking_target_170228_haggling_a1_hd_00_27_0002950000_log.txt,face_metadata_170228_haggling_a1_hd_00_27_0002950000.json,tracking_metadata_170228_haggling_a1_hd_00_27_0002950000.json,stdout.log,stderr.log
170221_haggling_b1_hd_00_27_0001150000,no_identity_lock,completed,0,81.662,170221_haggling_b1_hd_00_27_0001150000.mp4,data/panoptic_veil_materialized_20_supplement/targets/pilot20_supplement/170221_haggling_b1_hd_00_27_0001150000_target.jpg,fake_face.jpg,170221_haggling_b1_hd_00_27_0001150000_output.mp4,tracking_target_170221_haggling_b1_hd_00_27_0001150000_log.txt,face_metadata_170221_haggling_b1_hd_00_27_0001150000.json,tracking_metadata_170221_haggling_b1_hd_00_27_0001150000.json,stdout.log,stderr.log
170221_haggling_b2_hd_00_27_0001350000,no_identity_lock,completed,0,81.619,170221_haggling_b2_hd_00_27_0001350000.mp4,170221_haggling_b2_hd_00_27_0001350000_target.jpg,fake_face.jpg,170221_haggling_b2_hd_00_27_0001350000_output.mp4,tracking_target_170221_haggling_b2_hd_00_27_0001350000_log.txt,face_metadata_170221_haggling_b2_hd_00_27_0001350000.json,tracking_metadata_170221_haggling_b2_hd_00_27_0001350000.json,stdout.log,stderr.log
170221_haggling_b2_hd_00_27_0001850000,no_identity_lock,completed,0,94.092,170221_haggling_b2_hd_00_27_0001850000.mp4,170221_haggling_b2_hd_00_27_0001850000_target.jpg,fake_face.jpg,170221_haggling_b2_hd_00_27_0001850000_output.mp4,tracking_target_170221_haggling_b2_hd_00_27_0001850000_log.txt,face_metadata_170221_haggling_b2_hd_00_27_0001850000.json,tracking_metadata_170221_haggling_b2_hd_00_27_0001850000.json,stdout.log,stderr.log
170221_haggling_b3_hd_00_27_0001250000,no_identity_lock,completed,0,121.147,170221_haggling_b3_hd_00_27_0001250000.mp4,170221_haggling_b3_hd_00_27_0001250000_target.jpg,fake_face.jpg,170221_haggling_b3_hd_00_27_0001250000_output.mp4,tracking_target_170221_haggling_b3_hd_00_27_0001250000_log.txt,face_metadata_170221_haggling_b3_hd_00_27_0001250000.json,tracking_metadata_170221_haggling_b3_hd_00_27_0001250000.json,stdout.log,stderr.log
170221_haggling_b3_hd_00_27_0001450000,no_identity_lock,completed,0,109.53,170221_haggling_b3_hd_00_27_0001450000.mp4,170221_haggling_b3_hd_00_27_0001450000_target.jpg,fake_face.jpg,170221_haggling_b3_hd_00_27_0001450000_output.mp4,tracking_target_170221_haggling_b3_hd_00_27_0001450000_log.txt,face_metadata_170221_haggling_b3_hd_00_27_0001450000.json,tracking_metadata_170221_haggling_b3_hd_00_27_0001450000.json,stdout.log,stderr.log
170221_haggling_m1_hd_00_08_0001750000,no_identity_lock,completed,0,80.819,170221_haggling_m1_hd_00_08_0001750000.mp4,data/panoptic_veil_materialized_20_supplement/targets/pilot20_supplement/170221_haggling_m1_hd_00_08_0001750000_target.jpg,fake_face.jpg,170221_haggling_m1_hd_00_08_0001750000_output.mp4,tracking_target_170221_haggling_m1_hd_00_08_0001750000_log.txt,face_metadata_170221_haggling_m1_hd_00_08_0001750000.json,tracking_metadata_170221_haggling_m1_hd_00_08_0001750000.json,stdout.log,stderr.log
170221_haggling_m1_hd_00_27_0001750000,no_identity_lock,completed,0,98.147,170221_haggling_m1_hd_00_27_0001750000.mp4,170221_haggling_m1_hd_00_27_0001750000_target.jpg,fake_face.jpg,170221_haggling_m1_hd_00_27_0001750000_output.mp4,tracking_target_170221_haggling_m1_hd_00_27_0001750000_log.txt,face_metadata_170221_haggling_m1_hd_00_27_0001750000.json,tracking_metadata_170221_haggling_m1_hd_00_27_0001750000.json,stdout.log,stderr.log
170221_haggling_m2_hd_00_08_0001150000,no_identity_lock,completed,0,79.119,170221_haggling_m2_hd_00_08_0001150000.mp4,data/panoptic_veil_materialized_20_supplement/targets/pilot20_supplement/170221_haggling_m2_hd_00_08_0001150000_target.jpg,fake_face.jpg,170221_haggling_m2_hd_00_08_0001150000_output.mp4,tracking_target_170221_haggling_m2_hd_00_08_0001150000_log.txt,face_metadata_170221_haggling_m2_hd_00_08_0001150000.json,tracking_metadata_170221_haggling_m2_hd_00_08_0001150000.json,stdout.log,stderr.log
170224_haggling_a1_hd_00_27_0002350000,no_identity_lock,completed,0,91.998,170224_haggling_a1_hd_00_27_0002350000.mp4,data/panoptic_veil_materialized_20_supplement/targets/pilot20_supplement/170224_haggling_a1_hd_00_27_0002350000_target.jpg,fake_face.jpg,170224_haggling_a1_hd_00_27_0002350000_output.mp4,tracking_target_170224_haggling_a1_hd_00_27_0002350000_log.txt,face_metadata_170224_haggling_a1_hd_00_27_0002350000.json,tracking_metadata_170224_haggling_a1_hd_00_27_0002350000.json,stdout.log,stderr.log
170224_haggling_a1_hd_00_27_0002950000,no_identity_lock,completed,0,84.074,170224_haggling_a1_hd_00_27_0002950000.mp4,170224_haggling_a1_hd_00_27_0002950000_target.jpg,fake_face.jpg,170224_haggling_a1_hd_00_27_0002950000_output.mp4,tracking_target_170224_haggling_a1_hd_00_27_0002950000_log.txt,face_metadata_170224_haggling_a1_hd_00_27_0002950000.json,tracking_metadata_170224_haggling_a1_hd_00_27_0002950000.json,stdout.log,stderr.log
170224_haggling_a2_hd_00_27_0001750000,no_identity_lock,completed,0,81.268,170224_haggling_a2_hd_00_27_0001750000.mp4,data/panoptic_veil_materialized_20_supplement/targets/pilot20_supplement/170224_haggling_a2_hd_00_27_0001750000_target.jpg,fake_face.jpg,170224_haggling_a2_hd_00_27_0001750000_output.mp4,tracking_target_170224_haggling_a2_hd_00_27_0001750000_log.txt,face_metadata_170224_haggling_a2_hd_00_27_0001750000.json,tracking_metadata_170224_haggling_a2_hd_00_27_0001750000.json,stdout.log,stderr.log
170224_haggling_a2_hd_00_27_0002350000,no_identity_lock,completed,0,84.969,170224_haggling_a2_hd_00_27_0002350000.mp4,170224_haggling_a2_hd_00_27_0002350000_target.jpg,fake_face.jpg,170224_haggling_a2_hd_00_27_0002350000_output.mp4,tracking_target_170224_haggling_a2_hd_00_27_0002350000_log.txt,face_metadata_170224_haggling_a2_hd_00_27_0002350000.json,tracking_metadata_170224_haggling_a2_hd_00_27_0002350000.json,stdout.log,stderr.log
170224_haggling_b1_hd_00_08_0001350000,no_identity_lock,completed,0,85.33,170224_haggling_b1_hd_00_08_0001350000.mp4,170224_haggling_b1_hd_00_08_0001350000_target.jpg,fake_face.jpg,170224_haggling_b1_hd_00_08_0001350000_output.mp4,tracking_target_170224_haggling_b1_hd_00_08_0001350000_log.txt,face_metadata_170224_haggling_b1_hd_00_08_0001350000.json,tracking_metadata_170224_haggling_b1_hd_00_08_0001350000.json,stdout.log,stderr.log
170224_haggling_b1_hd_00_25_0001450000,no_identity_lock,completed,0,127.922,170224_haggling_b1_hd_00_25_0001450000.mp4,170224_haggling_b1_hd_00_25_0001450000_target.jpg,fake_face.jpg,170224_haggling_b1_hd_00_25_0001450000_output.mp4,tracking_target_170224_haggling_b1_hd_00_25_0001450000_log.txt,face_metadata_170224_haggling_b1_hd_00_25_0001450000.json,tracking_metadata_170224_haggling_b1_hd_00_25_0001450000.json,stdout.log,stderr.log
170224_haggling_b1_hd_00_25_0001750000,no_identity_lock,completed,0,112.785,170224_haggling_b1_hd_00_25_0001750000.mp4,170224_haggling_b1_hd_00_25_0001750000_target.jpg,fake_face.jpg,170224_haggling_b1_hd_00_25_0001750000_output.mp4,tracking_target_170224_haggling_b1_hd_00_25_0001750000_log.txt,face_metadata_170224_haggling_b1_hd_00_25_0001750000.json,tracking_metadata_170224_haggling_b1_hd_00_25_0001750000.json,stdout.log,stderr.log
170224_haggling_b2_hd_00_27_0001750000,no_identity_lock,completed,0,85.787,170224_haggling_b2_hd_00_27_0001750000.mp4,data/panoptic_veil_materialized_20_supplement/targets/pilot20_supplement/170224_haggling_b2_hd_00_27_0001750000_target.jpg,fake_face.jpg,170224_haggling_b2_hd_00_27_0001750000_output.mp4,tracking_target_170224_haggling_b2_hd_00_27_0001750000_log.txt,face_metadata_170224_haggling_b2_hd_00_27_0001750000.json,tracking_metadata_170224_haggling_b2_hd_00_27_0001750000.json,stdout.log,stderr.log
170224_haggling_b3_hd_00_27_0002350000,no_identity_lock,completed,0,80.77,170224_haggling_b3_hd_00_27_0002350000.mp4,data/panoptic_veil_materialized_20_supplement/targets/pilot20_supplement/170224_haggling_b3_hd_00_27_0002350000_target.jpg,fake_face.jpg,170224_haggling_b3_hd_00_27_0002350000_output.mp4,tracking_target_170224_haggling_b3_hd_00_27_0002350000_log.txt,face_metadata_170224_haggling_b3_hd_00_27_0002350000.json,tracking_metadata_170224_haggling_b3_hd_00_27_0002350000.json,stdout.log,stderr.log
170224_haggling_b3_hd_00_27_0002950000,no_identity_lock,completed,0,81.672,170224_haggling_b3_hd_00_27_0002950000.mp4,data/panoptic_veil_materialized_20_supplement/targets/pilot20_supplement/170224_haggling_b3_hd_00_27_0002950000_target.jpg,fake_face.jpg,170224_haggling_b3_hd_00_27_0002950000_output.mp4,tracking_target_170224_haggling_b3_hd_00_27_0002950000_log.txt,face_metadata_170224_haggling_b3_hd_00_27_0002950000.json,tracking_metadata_170224_haggling_b3_hd_00_27_0002950000.json,stdout.log,stderr.log
170228_haggling_a1_hd_00_08_0002350000,no_identity_lock,completed,0,78.209,170228_haggling_a1_hd_00_08_0002350000.mp4,data/panoptic_veil_materialized_20_supplement/targets/pilot20_supplement/170228_haggling_a1_hd_00_08_0002350000_target.jpg,fake_face.jpg,170228_haggling_a1_hd_00_08_0002350000_output.mp4,tracking_target_170228_haggling_a1_hd_00_08_0002350000_log.txt,face_metadata_170228_haggling_a1_hd_00_08_0002350000.json,tracking_metadata_170228_haggling_a1_hd_00_08_0002350000.json,stdout.log,stderr.log
170228_haggling_a1_hd_00_27_0002950000,no_identity_lock,completed,0,80.988,170228_haggling_a1_hd_00_27_0002950000.mp4,data/panoptic_veil_materialized_20_supplement/targets/pilot20_supplement/170228_haggling_a1_hd_00_27_0002950000_target.jpg,fake_face.jpg,170228_haggling_a1_hd_00_27_0002950000_output.mp4,tracking_target_170228_haggling_a1_hd_00_27_0002950000_log.txt,face_metadata_170228_haggling_a1_hd_00_27_0002950000.json,tracking_metadata_170228_haggling_a1_hd_00_27_0002950000.json,stdout.log,stderr.log
170221_haggling_b1_hd_00_27_0001150000,no_blur_fallback,completed,0,80.269,170221_haggling_b1_hd_00_27_0001150000.mp4,data/panoptic_veil_materialized_20_supplement/targets/pilot20_supplement/170221_haggling_b1_hd_00_27_0001150000_target.jpg,fake_face.jpg,170221_haggling_b1_hd_00_27_0001150000_output.mp4,tracking_target_170221_haggling_b1_hd_00_27_0001150000_log.txt,face_metadata_170221_haggling_b1_hd_00_27_0001150000.json,tracking_metadata_170221_haggling_b1_hd_00_27_0001150000.json,stdout.log,stderr.log
170221_haggling_b2_hd_00_27_0001350000,no_blur_fallback,completed,0,81.72,170221_haggling_b2_hd_00_27_0001350000.mp4,170221_haggling_b2_hd_00_27_0001350000_target.jpg,fake_face.jpg,170221_haggling_b2_hd_00_27_0001350000_output.mp4,tracking_target_170221_haggling_b2_hd_00_27_0001350000_log.txt,face_metadata_170221_haggling_b2_hd_00_27_0001350000.json,tracking_metadata_170221_haggling_b2_hd_00_27_0001350000.json,stdout.log,stderr.log
170221_haggling_b2_hd_00_27_0001850000,no_blur_fallback,completed,0,90.537,170221_haggling_b2_hd_00_27_0001850000.mp4,170221_haggling_b2_hd_00_27_0001850000_target.jpg,fake_face.jpg,170221_haggling_b2_hd_00_27_0001850000_output.mp4,tracking_target_170221_haggling_b2_hd_00_27_0001850000_log.txt,face_metadata_170221_haggling_b2_hd_00_27_0001850000.json,tracking_metadata_170221_haggling_b2_hd_00_27_0001850000.json,stdout.log,stderr.log
170221_haggling_b3_hd_00_27_0001250000,no_blur_fallback,completed,0,121.104,170221_haggling_b3_hd_00_27_0001250000.mp4,170221_haggling_b3_hd_00_27_0001250000_target.jpg,fake_face.jpg,170221_haggling_b3_hd_00_27_0001250000_output.mp4,tracking_target_170221_haggling_b3_hd_00_27_0001250000_log.txt,face_metadata_170221_haggling_b3_hd_00_27_0001250000.json,tracking_metadata_170221_haggling_b3_hd_00_27_0001250000.json,stdout.log,stderr.log
170221_haggling_b3_hd_00_27_0001450000,no_blur_fallback,completed,0,109.682,170221_haggling_b3_hd_00_27_0001450000.mp4,170221_haggling_b3_hd_00_27_0001450000_target.jpg,fake_face.jpg,170221_haggling_b3_hd_00_27_0001450000_output.mp4,tracking_target_170221_haggling_b3_hd_00_27_0001450000_log.txt,face_metadata_170221_haggling_b3_hd_00_27_0001450000.json,tracking_metadata_170221_haggling_b3_hd_00_27_0001450000.json,stdout.log,stderr.log
170221_haggling_m1_hd_00_08_0001750000,no_blur_fallback,completed,0,79.613,170221_haggling_m1_hd_00_08_0001750000.mp4,data/panoptic_veil_materialized_20_supplement/targets/pilot20_supplement/170221_haggling_m1_hd_00_08_0001750000_target.jpg,fake_face.jpg,170221_haggling_m1_hd_00_08_0001750000_output.mp4,tracking_target_170221_haggling_m1_hd_00_08_0001750000_log.txt,face_metadata_170221_haggling_m1_hd_00_08_0001750000.json,tracking_metadata_170221_haggling_m1_hd_00_08_0001750000.json,stdout.log,stderr.log
170221_haggling_m1_hd_00_27_0001750000,no_blur_fallback,completed,0,97.208,170221_haggling_m1_hd_00_27_0001750000.mp4,170221_haggling_m1_hd_00_27_0001750000_target.jpg,fake_face.jpg,170221_haggling_m1_hd_00_27_0001750000_output.mp4,tracking_target_170221_haggling_m1_hd_00_27_0001750000_log.txt,face_metadata_170221_haggling_m1_hd_00_27_0001750000.json,tracking_metadata_170221_haggling_m1_hd_00_27_0001750000.json,stdout.log,stderr.log
170221_haggling_m2_hd_00_08_0001150000,no_blur_fallback,completed,0,80.48,170221_haggling_m2_hd_00_08_0001150000.mp4,data/panoptic_veil_materialized_20_supplement/targets/pilot20_supplement/170221_haggling_m2_hd_00_08_0001150000_target.jpg,fake_face.jpg,170221_haggling_m2_hd_00_08_0001150000_output.mp4,tracking_target_170221_haggling_m2_hd_00_08_0001150000_log.txt,face_metadata_170221_haggling_m2_hd_00_08_0001150000.json,tracking_metadata_170221_haggling_m2_hd_00_08_0001150000.json,stdout.log,stderr.log
170224_haggling_a1_hd_00_27_0002350000,no_blur_fallback,completed,0,90.938,170224_haggling_a1_hd_00_27_0002350000.mp4,data/panoptic_veil_materialized_20_supplement/targets/pilot20_supplement/170224_haggling_a1_hd_00_27_0002350000_target.jpg,fake_face.jpg,170224_haggling_a1_hd_00_27_0002350000_output.mp4,tracking_target_170224_haggling_a1_hd_00_27_0002350000_log.txt,face_metadata_170224_haggling_a1_hd_00_27_0002350000.json,tracking_metadata_170224_haggling_a1_hd_00_27_0002350000.json,stdout.log,stderr.log
170224_haggling_a1_hd_00_27_0002950000,no_blur_fallback,completed,0,83.928,170224_haggling_a1_hd_00_27_0002950000.mp4,170224_haggling_a1_hd_00_27_0002950000_target.jpg,fake_face.jpg,170224_haggling_a1_hd_00_27_0002950000_output.mp4,tracking_target_170224_haggling_a1_hd_00_27_0002950000_log.txt,face_metadata_170224_haggling_a1_hd_00_27_0002950000.json,tracking_metadata_170224_haggling_a1_hd_00_27_0002950000.json,stdout.log,stderr.log
170224_haggling_a2_hd_00_27_0001750000,no_blur_fallback,completed,0,79.717,170224_haggling_a2_hd_00_27_0001750000.mp4,data/panoptic_veil_materialized_20_supplement/targets/pilot20_supplement/170224_haggling_a2_hd_00_27_0001750000_target.jpg,fake_face.jpg,170224_haggling_a2_hd_00_27_0001750000_output.mp4,tracking_target_170224_haggling_a2_hd_00_27_0001750000_log.txt,face_metadata_170224_haggling_a2_hd_00_27_0001750000.json,tracking_metadata_170224_haggling_a2_hd_00_27_0001750000.json,stdout.log,stderr.log
170224_haggling_a2_hd_00_27_0002350000,no_blur_fallback,completed,0,84.984,170224_haggling_a2_hd_00_27_0002350000.mp4,170224_haggling_a2_hd_00_27_0002350000_target.jpg,fake_face.jpg,170224_haggling_a2_hd_00_27_0002350000_output.mp4,tracking_target_170224_haggling_a2_hd_00_27_0002350000_log.txt,face_metadata_170224_haggling_a2_hd_00_27_0002350000.json,tracking_metadata_170224_haggling_a2_hd_00_27_0002350000.json,stdout.log,stderr.log
170224_haggling_b1_hd_00_08_0001350000,no_blur_fallback,completed,0,84.784,170224_haggling_b1_hd_00_08_0001350000.mp4,170224_haggling_b1_hd_00_08_0001350000_target.jpg,fake_face.jpg,170224_haggling_b1_hd_00_08_0001350000_output.mp4,tracking_target_170224_haggling_b1_hd_00_08_0001350000_log.txt,face_metadata_170224_haggling_b1_hd_00_08_0001350000.json,tracking_metadata_170224_haggling_b1_hd_00_08_0001350000.json,stdout.log,stderr.log
170224_haggling_b1_hd_00_25_0001450000,no_blur_fallback,completed,0,122.992,170224_haggling_b1_hd_00_25_0001450000.mp4,170224_haggling_b1_hd_00_25_0001450000_target.jpg,fake_face.jpg,170224_haggling_b1_hd_00_25_0001450000_output.mp4,tracking_target_170224_haggling_b1_hd_00_25_0001450000_log.txt,face_metadata_170224_haggling_b1_hd_00_25_0001450000.json,tracking_metadata_170224_haggling_b1_hd_00_25_0001450000.json,stdout.log,stderr.log
170224_haggling_b1_hd_00_25_0001750000,no_blur_fallback,completed,0,112.079,170224_haggling_b1_hd_00_25_0001750000.mp4,170224_haggling_b1_hd_00_25_0001750000_target.jpg,fake_face.jpg,170224_haggling_b1_hd_00_25_0001750000_output.mp4,tracking_target_170224_haggling_b1_hd_00_25_0001750000_log.txt,face_metadata_170224_haggling_b1_hd_00_25_0001750000.json,tracking_metadata_170224_haggling_b1_hd_00_25_0001750000.json,stdout.log,stderr.log
170224_haggling_b2_hd_00_27_0001750000,no_blur_fallback,completed,0,83.37,170224_haggling_b2_hd_00_27_0001750000.mp4,data/panoptic_veil_materialized_20_supplement/targets/pilot20_supplement/170224_haggling_b2_hd_00_27_0001750000_target.jpg,fake_face.jpg,170224_haggling_b2_hd_00_27_0001750000_output.mp4,tracking_target_170224_haggling_b2_hd_00_27_0001750000_log.txt,face_metadata_170224_haggling_b2_hd_00_27_0001750000.json,tracking_metadata_170224_haggling_b2_hd_00_27_0001750000.json,stdout.log,stderr.log
170224_haggling_b3_hd_00_27_0002350000,no_blur_fallback,completed,0,81.665,170224_haggling_b3_hd_00_27_0002350000.mp4,data/panoptic_veil_materialized_20_supplement/targets/pilot20_supplement/170224_haggling_b3_hd_00_27_0002350000_target.jpg,fake_face.jpg,170224_haggling_b3_hd_00_27_0002350000_output.mp4,tracking_target_170224_haggling_b3_hd_00_27_0002350000_log.txt,face_metadata_170224_haggling_b3_hd_00_27_0002350000.json,tracking_metadata_170224_haggling_b3_hd_00_27_0002350000.json,stdout.log,stderr.log
170224_haggling_b3_hd_00_27_0002950000,no_blur_fallback,completed,0,81.619,170224_haggling_b3_hd_00_27_0002950000.mp4,data/panoptic_veil_materialized_20_supplement/targets/pilot20_supplement/170224_haggling_b3_hd_00_27_0002950000_target.jpg,fake_face.jpg,170224_haggling_b3_hd_00_27_0002950000_output.mp4,tracking_target_170224_haggling_b3_hd_00_27_0002950000_log.txt,face_metadata_170224_haggling_b3_hd_00_27_0002950000.json,tracking_metadata_170224_haggling_b3_hd_00_27_0002950000.json,stdout.log,stderr.log
170228_haggling_a1_hd_00_08_0002350000,no_blur_fallback,completed,0,79.112,170228_haggling_a1_hd_00_08_0002350000.mp4,data/panoptic_veil_materialized_20_supplement/targets/pilot20_supplement/170228_haggling_a1_hd_00_08_0002350000_target.jpg,fake_face.jpg,170228_haggling_a1_hd_00_08_0002350000_output.mp4,tracking_target_170228_haggling_a1_hd_00_08_0002350000_log.txt,face_metadata_170228_haggling_a1_hd_00_08_0002350000.json,tracking_metadata_170228_haggling_a1_hd_00_08_0002350000.json,stdout.log,stderr.log
170228_haggling_a1_hd_00_27_0002950000,no_blur_fallback,completed,0,79.062,170228_haggling_a1_hd_00_27_0002950000.mp4,data/panoptic_veil_materialized_20_supplement/targets/pilot20_supplement/170228_haggling_a1_hd_00_27_0002950000_target.jpg,fake_face.jpg,170228_haggling_a1_hd_00_27_0002950000_output.mp4,tracking_target_170228_haggling_a1_hd_00_27_0002950000_log.txt,face_metadata_170228_haggling_a1_hd_00_27_0002950000.json,tracking_metadata_170228_haggling_a1_hd_00_27_0002950000.json,stdout.log,stderr.log
